id;title;content;source;domain;image;published_at
1;open-source aggregate monitor;Assurance Central;Industrial Arizona Usability;holistic;Dynamic application;black
2;Algeria JBOD Saint Kitts and Nevis;Court embrace;Garden parse Louisiana;Handcrafted;Facilitator driver;bus
3;Regional;Silver Awesome Steel Ball;Licensed Plastic Soap connect Computer;Direct Savings Account Sleek Concrete Chips;withdrawal;Representative
4;Minnesota executive salmon;redundant Drives;Gorgeous;non-volatile;Personal Loan Account Netherlands Antillian Guilder communities;Chicken
5;throughput redundant Awesome;override Integration;Rhode Island;clicks-and-mortar Investment Account;sensor Enterprise-wide azure;input
6;Coves;Planner;Home Loan Account;Frozen optical;bus;programming Intranet back up
7;Ball;Solutions RSS;Infrastructure Croatian Kuna;Checking Account Refined Concrete Soap Hong Kong Dollar;feed neutral navigating;PCI Direct Principal
8;schemas input International;innovate Belarussian Ruble;intermediate;magenta Soft back up;SMTP;exploit auxiliary engage
9;Sausages Central driver;envisioneer Andorra multi-byte;Grocery;protocol e-commerce Point;Specialist groupware Legacy;3rd generation
10;Ergonomic;enhance;Future-proofed Berkshire sticky;niches ivory;Intelligent generate;Intelligent Granite Pants payment
